﻿Geography,Total:—Estimate
Census Tract 1.01,928
Census Tract 1.02,"1,690"
Census Tract 1.03,653
Census Tract 1.04,721
Census Tract 1.05,"1,481"
Census Tract 10,"2,452"
Census Tract 101.01,"1,552"
Census Tract 101.02,"1,660"
Census Tract 102,"1,561"
Census Tract 103,"1,998"
Census Tract 104,"1,239"
Census Tract 105,738
Census Tract 106,"2,434"
Census Tract 11.01,"1,228"
Census Tract 11.02,586
Census Tract 12,33
Census Tract 13.02,"2,997"
Census Tract 13.03,"2,059"
Census Tract 13.04,"2,723"
Census Tract 2,"1,592"
Census Tract 3,"1,379"
Census Tract 4,"1,115"
Census Tract 5,712
Census Tract 6,"1,863"
Census Tract 7,"1,549"
Census Tract 8,0
Census Tract 9,"1,765"
